,success,taskset size,processor count
0,True,8,8
1,True,8,8
2,True,8,8
3,True,8,8
4,True,8,8
5,True,8,8
6,True,8,8
7,True,8,8
8,True,8,8
9,True,8,8
10,True,8,8
11,True,8,8
12,True,8,8
13,True,8,8
14,True,8,8
15,True,8,8
16,True,8,8
17,True,8,8
18,True,8,8
19,True,8,8
20,True,8,8
21,True,8,8
22,True,8,8
23,True,8,8
24,True,8,8
25,True,8,8
26,True,8,8
27,True,8,8
28,True,8,8
29,True,8,8
30,True,8,8
31,True,8,8
32,True,8,8
33,True,8,8
34,True,8,8
35,True,8,8
36,True,8,8
37,True,8,8
38,True,8,8
39,True,8,8
40,True,8,8
41,True,8,8
42,True,8,8
43,True,8,8
44,True,8,8
45,True,8,8
46,True,8,8
47,True,8,8
48,True,8,8
49,True,8,8
50,True,8,8
51,True,8,8
52,True,8,8
53,True,8,8
54,True,8,8
55,True,8,8
56,True,8,8
57,True,8,8
58,True,8,8
59,True,8,8
60,True,8,8
61,True,8,8
62,True,8,8
63,True,8,8
64,True,8,8
65,True,8,8
66,True,8,8
67,True,8,8
68,True,8,8
69,True,8,8
70,True,8,8
71,True,8,8
72,True,8,8
73,True,8,8
74,True,8,8
75,True,8,8
76,True,8,8
77,True,8,8
78,True,8,8
79,True,8,8
80,True,8,8
81,True,8,8
82,True,8,8
83,True,8,8
84,True,8,8
85,True,8,8
86,True,8,8
87,True,8,8
88,True,8,8
89,True,8,8
90,True,8,8
91,True,8,8
92,True,8,8
93,True,8,8
94,True,8,8
95,True,8,8
96,True,8,8
97,True,8,8
98,True,8,8
99,True,8,8
100,True,8,8
101,True,8,8
102,True,8,8
103,True,8,8
104,True,8,8
105,True,8,8
106,True,8,8
107,True,8,8
108,True,8,8
109,True,8,8
110,True,8,8
111,True,8,8
112,True,8,8
113,True,8,8
114,True,8,8
115,True,8,8
116,True,8,8
117,True,8,8
118,True,8,8
119,True,8,8
120,True,8,8
121,True,8,8
122,True,8,8
123,True,8,8
124,True,8,8
125,True,8,8
126,True,8,8
127,True,8,8
128,True,8,8
129,True,8,8
130,True,8,8
131,True,8,8
132,True,8,8
133,True,8,8
134,True,8,8
135,True,8,8
136,True,8,8
137,True,8,8
138,True,8,8
139,True,8,8
140,True,8,8
141,True,8,8
142,True,8,8
143,True,8,8
144,True,8,8
145,True,8,8
146,True,8,8
147,True,8,8
148,True,8,8
149,True,8,8
150,True,8,8
151,True,8,8
152,True,8,8
153,True,8,8
154,True,8,8
155,True,8,8
156,True,8,8
157,True,8,8
158,True,8,8
159,True,8,8
160,True,8,8
161,True,8,8
162,True,8,8
163,True,8,8
164,True,8,8
165,True,8,8
166,True,8,8
167,True,8,8
168,True,8,8
169,True,8,8
170,True,8,8
171,True,8,8
172,True,8,8
173,True,8,8
174,True,8,8
175,True,8,8
176,True,8,8
177,True,8,8
178,True,8,8
179,True,8,8
180,True,8,8
181,True,8,8
182,True,8,8
183,True,8,8
184,True,8,8
185,True,8,8
186,True,8,8
187,True,8,8
188,True,8,8
189,True,8,8
190,True,8,8
191,True,8,8
192,True,8,8
193,True,8,8
194,True,8,8
195,True,8,8
196,True,8,8
197,True,8,8
198,True,8,8
199,True,8,8
200,True,8,8
201,True,8,8
202,True,8,8
203,True,8,8
204,True,8,8
205,True,8,8
206,True,8,8
207,True,8,8
208,True,8,8
209,True,8,8
210,True,8,8
211,True,8,8
212,True,8,8
213,True,8,8
214,True,8,8
215,True,8,8
216,True,8,8
217,True,8,8
218,True,8,8
219,True,8,8
220,True,8,8
221,True,8,8
222,True,8,8
223,True,8,8
224,True,8,8
225,True,8,8
226,True,8,8
227,True,8,8
228,True,8,8
229,True,8,8
230,True,8,8
231,True,8,8
232,True,8,8
233,True,8,8
234,True,8,8
235,True,8,8
236,True,8,8
237,True,8,8
238,True,8,8
239,True,8,8
240,True,8,8
241,True,8,8
242,True,8,8
243,True,8,8
244,True,8,8
245,True,8,8
246,True,8,8
247,True,8,8
248,True,8,8
249,True,8,8
250,True,8,8
251,True,8,8
252,True,8,8
253,True,8,8
254,True,8,8
255,True,8,8
256,True,8,8
257,True,8,8
258,True,8,8
259,True,8,8
260,True,8,8
261,True,8,8
262,True,8,8
263,True,8,8
264,True,8,8
265,True,8,8
266,True,8,8
267,True,8,8
268,True,8,8
269,True,8,8
270,True,8,8
271,True,8,8
272,True,8,8
273,True,8,8
274,True,8,8
275,True,8,8
276,True,8,8
277,True,8,8
278,True,8,8
279,True,8,8
280,True,8,8
281,True,8,8
282,True,8,8
283,True,8,8
284,True,8,8
285,True,8,8
286,True,8,8
287,True,8,8
288,True,8,8
289,True,8,8
290,True,8,8
291,True,8,8
292,True,8,8
293,True,8,8
294,True,8,8
295,True,8,8
296,True,8,8
297,True,8,8
298,True,8,8
299,True,8,8
300,True,8,8
301,True,8,8
302,True,8,8
303,True,8,8
304,True,8,8
305,True,8,8
306,True,8,8
307,True,8,8
308,True,8,8
309,True,8,8
310,True,8,8
311,True,8,8
312,True,8,8
313,True,8,8
314,True,8,8
315,True,8,8
316,True,8,8
317,True,8,8
318,True,8,8
319,True,8,8
320,True,8,8
321,True,8,8
322,True,8,8
323,True,8,8
324,True,8,8
325,True,8,8
326,True,8,8
327,True,8,8
328,True,8,8
329,True,8,8
330,True,8,8
331,True,8,8
332,True,8,8
333,True,8,8
334,True,8,8
335,True,8,8
336,True,8,8
337,True,8,8
338,True,8,8
339,True,8,8
340,True,8,8
341,True,8,8
342,True,8,8
343,True,8,8
344,True,8,8
345,True,8,8
346,True,8,8
347,True,8,8
348,True,8,8
349,True,8,8
350,True,8,8
351,True,8,8
352,True,8,8
353,True,8,8
354,True,8,8
355,True,8,8
356,True,8,8
357,True,8,8
358,True,8,8
359,True,8,8
360,True,8,8
361,True,8,8
362,True,8,8
363,True,8,8
364,True,8,8
365,True,8,8
366,True,8,8
367,True,8,8
368,True,8,8
369,True,8,8
370,True,8,8
371,True,8,8
372,True,8,8
373,True,8,8
374,True,8,8
375,True,8,8
376,True,8,8
377,True,8,8
378,True,8,8
379,True,8,8
380,True,8,8
381,True,8,8
382,True,8,8
383,True,8,8
384,True,8,8
385,True,8,8
386,True,8,8
387,True,8,8
388,True,8,8
389,True,8,8
390,True,8,8
391,True,8,8
392,True,8,8
393,True,8,8
394,True,8,8
395,True,8,8
396,True,8,8
397,True,8,8
398,True,8,8
399,True,8,8
400,True,8,8
401,True,8,8
402,True,8,8
403,True,8,8
404,True,8,8
405,True,8,8
406,True,8,8
407,True,8,8
408,True,8,8
409,True,8,8
410,True,8,8
411,True,8,8
412,True,8,8
413,True,8,8
414,True,8,8
415,True,8,8
416,True,8,8
417,True,8,8
418,True,8,8
419,True,8,8
420,True,8,8
421,True,8,8
422,True,8,8
423,True,8,8
424,True,8,8
425,True,8,8
426,True,8,8
427,True,8,8
428,True,8,8
429,True,8,8
430,True,8,8
431,True,8,8
432,True,8,8
433,True,8,8
434,True,8,8
435,True,8,8
436,True,8,8
437,True,8,8
438,True,8,8
439,True,8,8
440,True,8,8
441,True,8,8
442,True,8,8
443,True,8,8
444,True,8,8
445,True,8,8
446,True,8,8
447,True,8,8
448,True,8,8
449,True,8,8
450,True,8,8
451,True,8,8
452,True,8,8
453,True,8,8
454,True,8,8
455,True,8,8
456,True,8,8
457,True,8,8
458,True,8,8
459,True,8,8
460,True,8,8
461,True,8,8
462,True,8,8
463,True,8,8
464,True,8,8
465,True,8,8
466,True,8,8
467,True,8,8
468,True,8,8
469,True,8,8
470,True,8,8
471,True,8,8
472,True,8,8
473,True,8,8
474,True,8,8
475,True,8,8
476,True,8,8
477,True,8,8
478,True,8,8
479,True,8,8
480,True,8,8
481,True,8,8
482,True,8,8
483,True,8,8
484,True,8,8
485,True,8,8
486,True,8,8
487,True,8,8
488,True,8,8
489,True,8,8
490,True,8,8
491,True,8,8
492,True,8,8
493,True,8,8
494,True,8,8
495,True,8,8
496,True,8,8
497,True,8,8
498,True,8,8
499,True,8,8
500,True,8,8
501,True,8,8
502,True,8,8
503,True,8,8
504,True,8,8
505,True,8,8
506,True,8,8
507,True,8,8
508,True,8,8
509,True,8,8
510,True,8,8
511,True,8,8
512,True,8,8
513,True,8,8
514,True,8,8
515,True,8,8
516,True,8,8
517,True,8,8
518,True,8,8
519,True,8,8
520,True,8,8
521,True,8,8
522,True,8,8
523,True,8,8
524,True,8,8
525,True,8,8
526,True,8,8
527,True,8,8
528,True,8,8
529,True,8,8
530,True,8,8
531,True,8,8
532,True,8,8
533,True,8,8
534,True,8,8
535,True,8,8
536,True,8,8
537,True,8,8
538,True,8,8
539,True,8,8
540,True,8,8
541,True,8,8
542,True,8,8
543,True,8,8
544,True,8,8
545,True,8,8
546,True,8,8
547,True,8,8
548,True,8,8
549,True,8,8
550,True,8,8
551,True,8,8
552,True,8,8
553,True,8,8
554,True,8,8
555,True,8,8
556,True,8,8
557,True,8,8
558,True,8,8
559,True,8,8
560,True,8,8
561,True,8,8
562,True,8,8
563,True,8,8
564,True,8,8
565,True,8,8
566,True,8,8
567,True,8,8
568,True,8,8
569,True,8,8
570,True,8,8
571,True,8,8
572,True,8,8
573,True,8,8
574,True,8,8
575,True,8,8
576,True,8,8
577,True,8,8
578,True,8,8
579,True,8,8
580,True,8,8
581,True,8,8
582,True,8,8
583,True,8,8
584,True,8,8
585,True,8,8
586,True,8,8
587,True,8,8
588,True,8,8
589,True,8,8
590,True,8,8
591,True,8,8
592,True,8,8
593,True,8,8
594,True,8,8
595,True,8,8
596,True,8,8
597,True,8,8
598,True,8,8
599,True,8,8
600,True,8,8
601,True,8,8
602,True,8,8
603,True,8,8
604,True,8,8
605,True,8,8
606,True,8,8
607,True,8,8
608,True,8,8
609,True,8,8
610,True,8,8
611,True,8,8
612,True,8,8
613,True,8,8
614,True,8,8
615,True,8,8
616,True,8,8
617,True,8,8
618,True,8,8
619,True,8,8
620,True,8,8
621,True,8,8
622,True,8,8
623,True,8,8
624,True,8,8
625,True,8,8
626,True,8,8
627,True,8,8
628,True,8,8
629,True,8,8
630,True,8,8
631,True,8,8
632,True,8,8
633,True,8,8
634,True,8,8
635,True,8,8
636,True,8,8
637,True,8,8
638,True,8,8
639,True,8,8
640,True,8,8
641,True,8,8
642,True,8,8
643,True,8,8
644,True,8,8
645,True,8,8
646,True,8,8
647,True,8,8
648,True,8,8
649,True,8,8
650,True,8,8
651,True,8,8
652,True,8,8
653,True,8,8
654,True,8,8
655,True,8,8
656,True,8,8
657,True,8,8
658,True,8,8
659,True,8,8
660,True,8,8
661,True,8,8
662,True,8,8
663,True,8,8
664,True,8,8
665,True,8,8
666,True,8,8
667,True,8,8
668,True,8,8
669,True,8,8
670,True,8,8
671,True,8,8
672,True,8,8
673,True,8,8
674,True,8,8
675,True,8,8
676,True,8,8
677,True,8,8
678,True,8,8
679,True,8,8
680,True,8,8
681,True,8,8
682,True,8,8
683,True,8,8
684,True,8,8
685,True,8,8
686,True,8,8
687,True,8,8
688,True,8,8
689,True,8,8
690,True,8,8
691,True,8,8
692,True,8,8
693,True,8,8
694,True,8,8
695,True,8,8
696,True,8,8
697,True,8,8
698,True,8,8
699,True,8,8
700,True,8,8
701,True,8,8
702,True,8,8
703,True,8,8
704,True,8,8
705,True,8,8
706,True,8,8
707,True,8,8
708,True,8,8
709,True,8,8
710,True,8,8
711,True,8,8
712,True,8,8
713,True,8,8
714,True,8,8
715,True,8,8
716,True,8,8
717,True,8,8
718,True,8,8
719,True,8,8
720,True,8,8
721,True,8,8
722,True,8,8
723,True,8,8
724,True,8,8
725,True,8,8
726,True,8,8
727,True,8,8
728,True,8,8
729,True,8,8
730,True,8,8
731,True,8,8
732,True,8,8
733,True,8,8
734,True,8,8
735,True,8,8
736,True,8,8
737,True,8,8
738,True,8,8
739,True,8,8
740,True,8,8
741,True,8,8
742,True,8,8
743,True,8,8
744,True,8,8
745,True,8,8
746,True,8,8
747,True,8,8
748,True,8,8
749,True,8,8
750,True,8,8
751,True,8,8
752,True,8,8
753,True,8,8
754,True,8,8
755,True,8,8
756,True,8,8
757,True,8,8
758,True,8,8
759,True,8,8
760,True,8,8
761,True,8,8
762,True,8,8
763,True,8,8
764,True,8,8
765,True,8,8
766,True,8,8
767,True,8,8
768,True,8,8
769,True,8,8
770,True,8,8
771,True,8,8
772,True,8,8
773,True,8,8
774,True,8,8
775,True,8,8
776,True,8,8
777,True,8,8
778,True,8,8
779,True,8,8
780,True,8,8
781,True,8,8
782,True,8,8
783,True,8,8
784,True,8,8
785,True,8,8
786,True,8,8
787,True,8,8
788,True,8,8
789,True,8,8
790,True,8,8
791,True,8,8
792,True,8,8
793,True,8,8
794,True,8,8
795,True,8,8
796,True,8,8
797,True,8,8
798,True,8,8
799,True,8,8
800,True,8,8
801,True,8,8
802,True,8,8
803,True,8,8
804,True,8,8
805,True,8,8
806,True,8,8
807,True,8,8
808,True,8,8
809,True,8,8
810,True,8,8
811,True,8,8
812,True,8,8
813,True,8,8
814,True,8,8
815,True,8,8
816,True,8,8
817,True,8,8
818,True,8,8
819,True,8,8
820,True,8,8
821,True,8,8
822,True,8,8
823,True,8,8
824,True,8,8
825,True,8,8
826,True,8,8
827,True,8,8
828,True,8,8
829,True,8,8
830,True,8,8
831,True,8,8
832,True,8,8
833,True,8,8
834,True,8,8
835,True,8,8
836,True,8,8
837,True,8,8
838,True,8,8
839,True,8,8
840,True,8,8
841,True,8,8
842,True,8,8
843,True,8,8
844,True,8,8
845,True,8,8
846,True,8,8
847,True,8,8
848,True,8,8
849,True,8,8
850,True,8,8
851,True,8,8
852,True,8,8
853,True,8,8
854,True,8,8
855,True,8,8
856,True,8,8
857,True,8,8
858,True,8,8
859,True,8,8
860,True,8,8
861,True,8,8
862,True,8,8
863,True,8,8
864,True,8,8
865,True,8,8
866,True,8,8
867,True,8,8
868,True,8,8
869,True,8,8
870,True,8,8
871,True,8,8
872,True,8,8
873,True,8,8
874,True,8,8
875,True,8,8
876,True,8,8
877,True,8,8
878,True,8,8
879,True,8,8
880,True,8,8
881,True,8,8
882,True,8,8
883,True,8,8
884,True,8,8
885,True,8,8
886,True,8,8
887,True,8,8
888,True,8,8
889,True,8,8
890,True,8,8
891,True,8,8
892,True,8,8
893,True,8,8
894,True,8,8
895,True,8,8
896,True,8,8
897,True,8,8
898,True,8,8
899,True,8,8
900,True,8,8
901,True,8,8
902,True,8,8
903,True,8,8
904,True,8,8
905,True,8,8
906,True,8,8
907,True,8,8
908,True,8,8
909,True,8,8
910,True,8,8
911,True,8,8
912,True,8,8
913,True,8,8
914,True,8,8
915,True,8,8
916,True,8,8
917,True,8,8
918,True,8,8
919,True,8,8
920,True,8,8
921,True,8,8
922,True,8,8
923,True,8,8
924,True,8,8
925,True,8,8
926,True,8,8
927,True,8,8
928,True,8,8
929,True,8,8
930,True,8,8
931,True,8,8
932,True,8,8
933,True,8,8
934,True,8,8
935,True,8,8
936,True,8,8
937,True,8,8
938,True,8,8
939,True,8,8
940,True,8,8
941,True,8,8
942,True,8,8
943,True,8,8
944,True,8,8
945,True,8,8
946,True,8,8
947,True,8,8
948,True,8,8
949,True,8,8
950,True,8,8
951,True,8,8
952,True,8,8
953,True,8,8
954,True,8,8
955,True,8,8
956,True,8,8
957,True,8,8
958,True,8,8
959,True,8,8
960,True,8,8
961,True,8,8
962,True,8,8
963,True,8,8
964,True,8,8
965,True,8,8
966,True,8,8
967,True,8,8
968,True,8,8
969,True,8,8
970,True,8,8
971,True,8,8
972,True,8,8
973,True,8,8
974,True,8,8
975,True,8,8
976,True,8,8
977,True,8,8
978,True,8,8
979,True,8,8
980,True,8,8
981,True,8,8
982,True,8,8
983,True,8,8
984,True,8,8
985,True,8,8
986,True,8,8
987,True,8,8
988,True,8,8
989,True,8,8
990,True,8,8
991,True,8,8
992,True,8,8
993,True,8,8
994,True,8,8
995,True,8,8
996,True,8,8
997,True,8,8
998,True,8,8
999,True,8,8
1000,True,8,8
1001,True,8,8
1002,True,8,8
1003,True,8,8
1004,True,8,8
1005,True,8,8
1006,True,8,8
1007,True,8,8
1008,True,8,8
1009,True,8,8
1010,True,8,8
1011,True,8,8
1012,True,8,8
1013,True,8,8
1014,True,8,8
1015,True,8,8
1016,True,8,8
1017,True,8,8
1018,True,8,8
1019,True,8,8
1020,True,8,8
1021,True,8,8
1022,True,8,8
1023,True,8,8
1024,True,8,8
1025,True,8,8
1026,True,8,8
1027,True,8,8
1028,True,8,8
1029,True,8,8
1030,True,8,8
1031,True,8,8
1032,True,8,8
1033,True,8,8
1034,True,8,8
1035,True,8,8
1036,True,8,8
1037,True,8,8
1038,True,8,8
1039,True,8,8
1040,True,8,8
1041,True,8,8
1042,True,8,8
1043,True,8,8
1044,True,8,8
1045,True,8,8
1046,True,8,8
1047,True,8,8
1048,True,8,8
1049,True,8,8
1050,True,8,8
1051,True,8,8
1052,True,8,8
1053,True,8,8
1054,True,8,8
1055,True,8,8
1056,True,8,8
1057,True,8,8
1058,True,8,8
1059,True,8,8
1060,True,8,8
1061,True,8,8
1062,True,8,8
1063,True,8,8
1064,True,8,8
1065,True,8,8
1066,True,8,8
1067,True,8,8
1068,True,8,8
1069,True,8,8
1070,True,8,8
1071,True,8,8
1072,True,8,8
1073,True,8,8
1074,True,8,8
1075,True,8,8
1076,True,8,8
1077,True,8,8
1078,True,8,8
1079,True,8,8
1080,True,8,8
1081,True,8,8
1082,True,8,8
1083,True,8,8
1084,True,8,8
1085,True,8,8
1086,True,8,8
1087,True,8,8
1088,True,8,8
1089,True,8,8
1090,True,8,8
1091,True,8,8
1092,True,8,8
1093,True,8,8
1094,True,8,8
1095,True,8,8
1096,True,8,8
1097,True,8,8
1098,True,8,8
1099,True,8,8
1100,True,8,8
1101,True,8,8
1102,True,8,8
1103,True,8,8
1104,True,8,8
1105,True,8,8
1106,True,8,8
1107,True,8,8
1108,True,8,8
1109,True,8,8
1110,True,8,8
1111,True,8,8
1112,True,8,8
1113,True,8,8
1114,True,8,8
1115,True,8,8
1116,True,8,8
1117,True,8,8
1118,True,8,8
1119,True,8,8
1120,True,8,8
1121,True,8,8
1122,True,8,8
1123,True,8,8
1124,True,8,8
1125,True,8,8
1126,True,8,8
1127,True,8,8
1128,True,8,8
1129,True,8,8
1130,True,8,8
1131,True,8,8
1132,True,8,8
1133,True,8,8
1134,True,8,8
1135,True,8,8
1136,True,8,8
1137,True,8,8
1138,True,8,8
1139,True,8,8
1140,True,8,8
1141,True,8,8
1142,True,8,8
1143,True,8,8
1144,True,8,8
1145,True,8,8
1146,True,8,8
1147,True,8,8
1148,True,8,8
1149,True,8,8
1150,True,8,8
1151,True,8,8
1152,True,8,8
1153,True,8,8
1154,True,8,8
1155,True,8,8
1156,True,8,8
1157,True,8,8
1158,True,8,8
1159,True,8,8
1160,True,8,8
1161,True,8,8
1162,True,8,8
1163,True,8,8
1164,True,8,8
1165,True,8,8
1166,True,8,8
1167,True,8,8
1168,True,8,8
1169,True,8,8
1170,True,8,8
1171,True,8,8
1172,True,8,8
1173,True,8,8
1174,True,8,8
1175,True,8,8
1176,True,8,8
1177,True,8,8
1178,True,8,8
1179,True,8,8
1180,True,8,8
1181,True,8,8
1182,True,8,8
1183,True,8,8
1184,True,8,8
1185,True,8,8
1186,True,8,8
1187,True,8,8
1188,True,8,8
1189,True,8,8
1190,True,8,8
1191,True,8,8
1192,True,8,8
1193,True,8,8
1194,True,8,8
1195,True,8,8
1196,True,8,8
1197,True,8,8
1198,True,8,8
1199,True,8,8
1200,True,8,8
1201,True,8,8
1202,True,8,8
1203,True,8,8
1204,True,8,8
1205,True,8,8
1206,True,8,8
1207,True,8,8
1208,True,8,8
1209,True,8,8
1210,True,8,8
1211,True,8,8
1212,True,8,8
1213,True,8,8
1214,True,8,8
1215,True,8,8
1216,True,8,8
1217,True,8,8
1218,True,8,8
1219,True,8,8
1220,True,8,8
1221,True,8,8
1222,True,8,8
1223,True,8,8
1224,True,8,8
1225,True,8,8
1226,True,8,8
1227,True,8,8
1228,True,8,8
1229,True,8,8
1230,True,8,8
1231,True,8,8
1232,True,8,8
1233,True,8,8
1234,True,8,8
1235,True,8,8
1236,True,8,8
1237,True,8,8
1238,True,8,8
1239,True,8,8
1240,True,8,8
1241,True,8,8
1242,True,8,8
1243,True,8,8
1244,True,8,8
1245,True,8,8
1246,True,8,8
1247,True,8,8
1248,True,8,8
1249,True,8,8
1250,True,8,8
1251,True,8,8
1252,True,8,8
1253,True,8,8
1254,True,8,8
1255,True,8,8
1256,True,8,8
1257,True,8,8
1258,True,8,8
1259,True,8,8
1260,True,8,8
1261,True,8,8
1262,True,8,8
1263,True,8,8
1264,True,8,8
1265,True,8,8
1266,True,8,8
1267,True,8,8
1268,True,8,8
1269,True,8,8
1270,True,8,8
1271,True,8,8
1272,True,8,8
1273,True,8,8
1274,True,8,8
1275,True,8,8
1276,True,8,8
1277,True,8,8
1278,True,8,8
1279,True,8,8
1280,True,8,8
1281,True,8,8
1282,True,8,8
1283,True,8,8
1284,True,8,8
1285,True,8,8
1286,True,8,8
1287,True,8,8
1288,True,8,8
1289,True,8,8
1290,True,8,8
1291,True,8,8
1292,True,8,8
1293,True,8,8
1294,True,8,8
1295,True,8,8
1296,True,8,8
1297,True,8,8
1298,True,8,8
1299,True,8,8
1300,True,8,8
1301,True,8,8
1302,True,8,8
1303,True,8,8
1304,True,8,8
1305,True,8,8
1306,True,8,8
1307,True,8,8
1308,True,8,8
1309,True,8,8
1310,True,8,8
1311,True,8,8
1312,True,8,8
1313,True,8,8
1314,True,8,8
1315,True,8,8
1316,True,8,8
1317,True,8,8
1318,True,8,8
1319,True,8,8
1320,True,8,8
1321,True,8,8
1322,True,8,8
1323,True,8,8
1324,True,8,8
1325,True,8,8
1326,True,8,8
1327,True,8,8
1328,True,8,8
1329,True,8,8
1330,True,8,8
1331,True,8,8
1332,True,8,8
1333,True,8,8
1334,True,8,8
1335,True,8,8
1336,True,8,8
1337,True,8,8
1338,True,8,8
1339,True,8,8
1340,True,8,8
1341,True,8,8
1342,True,8,8
1343,True,8,8
1344,True,8,8
1345,True,8,8
1346,True,8,8
1347,True,8,8
1348,True,8,8
1349,True,8,8
1350,True,8,8
1351,True,8,8
1352,True,8,8
1353,True,8,8
1354,True,8,8
1355,True,8,8
1356,True,8,8
1357,True,8,8
1358,True,8,8
1359,True,8,8
1360,True,8,8
1361,True,8,8
1362,True,8,8
1363,True,8,8
1364,True,8,8
1365,True,8,8
1366,True,8,8
1367,True,8,8
1368,True,8,8
1369,True,8,8
1370,True,8,8
1371,True,8,8
1372,True,8,8
1373,True,8,8
1374,True,8,8
1375,True,8,8
1376,True,8,8
1377,True,8,8
1378,True,8,8
1379,True,8,8
1380,True,8,8
1381,True,8,8
1382,True,8,8
1383,True,8,8
1384,True,8,8
1385,True,8,8
1386,True,8,8
1387,True,8,8
1388,True,8,8
1389,True,8,8
1390,True,8,8
1391,True,8,8
1392,True,8,8
1393,True,8,8
1394,True,8,8
1395,True,8,8
1396,True,8,8
1397,True,8,8
1398,True,8,8
1399,True,8,8
1400,True,8,8
1401,True,8,8
1402,True,8,8
1403,True,8,8
1404,True,8,8
1405,True,8,8
1406,True,8,8
1407,True,8,8
1408,True,8,8
1409,True,8,8
1410,True,8,8
1411,True,8,8
1412,True,8,8
1413,True,8,8
1414,True,8,8
1415,True,8,8
1416,True,8,8
1417,True,8,8
1418,True,8,8
1419,True,8,8
1420,True,8,8
1421,True,8,8
1422,True,8,8
1423,True,8,8
1424,True,8,8
1425,True,8,8
1426,True,8,8
1427,True,8,8
1428,True,8,8
1429,True,8,8
1430,True,8,8
1431,True,8,8
1432,True,8,8
1433,True,8,8
1434,True,8,8
1435,True,8,8
1436,True,8,8
1437,True,8,8
1438,True,8,8
1439,True,8,8
1440,True,8,8
1441,True,8,8
1442,True,8,8
1443,True,8,8
1444,True,8,8
1445,True,8,8
1446,True,8,8
1447,True,8,8
1448,True,8,8
1449,True,8,8
1450,True,8,8
1451,True,8,8
1452,True,8,8
1453,True,8,8
1454,True,8,8
1455,True,8,8
1456,True,8,8
1457,True,8,8
1458,True,8,8
1459,True,8,8
1460,True,8,8
1461,True,8,8
1462,True,8,8
1463,True,8,8
1464,True,8,8
1465,True,8,8
1466,True,8,8
1467,True,8,8
1468,True,8,8
1469,True,8,8
1470,True,8,8
1471,True,8,8
1472,True,8,8
1473,True,8,8
1474,True,8,8
1475,True,8,8
1476,True,8,8
1477,True,8,8
1478,True,8,8
1479,True,8,8
1480,True,8,8
1481,True,8,8
1482,True,8,8
1483,True,8,8
1484,True,8,8
1485,True,8,8
1486,True,8,8
1487,True,8,8
1488,True,8,8
1489,True,8,8
1490,True,8,8
1491,True,8,8
1492,True,8,8
1493,True,8,8
1494,True,8,8
1495,True,8,8
1496,True,8,8
1497,True,8,8
1498,True,8,8
1499,True,8,8
1500,True,8,8
1501,True,8,8
1502,True,8,8
1503,True,8,8
1504,True,8,8
1505,True,8,8
1506,True,8,8
1507,True,8,8
1508,True,8,8
1509,True,8,8
1510,True,8,8
1511,True,8,8
1512,True,8,8
1513,True,8,8
1514,True,8,8
1515,True,8,8
1516,True,8,8
1517,True,8,8
1518,True,8,8
1519,True,8,8
1520,True,8,8
1521,True,8,8
1522,True,8,8
1523,True,8,8
1524,True,8,8
1525,True,8,8
1526,True,8,8
1527,True,8,8
1528,True,8,8
1529,True,8,8
1530,True,8,8
1531,True,8,8
1532,True,8,8
1533,True,8,8
1534,True,8,8
1535,True,8,8
1536,True,8,8
1537,True,8,8
1538,True,8,8
1539,True,8,8
1540,True,8,8
1541,True,8,8
1542,True,8,8
1543,True,8,8
1544,True,8,8
1545,True,8,8
1546,True,8,8
1547,True,8,8
1548,True,8,8
1549,True,8,8
1550,True,8,8
1551,True,8,8
1552,True,8,8
1553,True,8,8
1554,True,8,8
1555,True,8,8
1556,True,8,8
1557,True,8,8
1558,True,8,8
1559,True,8,8
1560,True,8,8
1561,True,8,8
1562,True,8,8
1563,True,8,8
1564,True,8,8
1565,True,8,8
1566,True,8,8
1567,True,8,8
1568,True,8,8
1569,True,8,8
1570,True,8,8
1571,True,8,8
1572,True,8,8
1573,True,8,8
1574,True,8,8
1575,True,8,8
1576,True,8,8
1577,True,8,8
1578,True,8,8
1579,True,8,8
1580,True,8,8
1581,True,8,8
1582,True,8,8
1583,True,8,8
1584,True,8,8
1585,True,8,8
1586,True,8,8
1587,True,8,8
1588,True,8,8
1589,True,8,8
1590,True,8,8
1591,True,8,8
1592,True,8,8
1593,True,8,8
1594,True,8,8
1595,True,8,8
1596,True,8,8
1597,True,8,8
1598,True,8,8
1599,True,8,8
1600,True,8,8
1601,True,8,8
1602,True,8,8
1603,True,8,8
1604,True,8,8
1605,True,8,8
1606,True,8,8
1607,True,8,8
1608,True,8,8
1609,True,8,8
1610,True,8,8
1611,True,8,8
1612,True,8,8
1613,True,8,8
1614,True,8,8
1615,True,8,8
1616,True,8,8
1617,True,8,8
1618,True,8,8
1619,True,8,8
1620,True,8,8
1621,True,8,8
1622,True,8,8
1623,True,8,8
1624,True,8,8
1625,True,8,8
1626,True,8,8
1627,True,8,8
1628,True,8,8
1629,True,8,8
1630,True,8,8
1631,True,8,8
1632,True,8,8
1633,True,8,8
1634,True,8,8
1635,True,8,8
1636,True,8,8
1637,True,8,8
1638,True,8,8
1639,True,8,8
1640,True,8,8
1641,True,8,8
1642,True,8,8
1643,True,8,8
1644,True,8,8
1645,True,8,8
1646,True,8,8
1647,True,8,8
1648,True,8,8
1649,True,8,8
1650,True,8,8
1651,True,8,8
1652,True,8,8
1653,True,8,8
1654,True,8,8
1655,True,8,8
1656,True,8,8
1657,True,8,8
1658,True,8,8
1659,True,8,8
1660,True,8,8
1661,True,8,8
1662,True,8,8
1663,True,8,8
1664,True,8,8
1665,True,8,8
1666,True,8,8
1667,True,8,8
1668,True,8,8
1669,True,8,8
1670,True,8,8
1671,True,8,8
1672,True,8,8
1673,True,8,8
1674,True,8,8
1675,True,8,8
1676,True,8,8
1677,True,8,8
1678,True,8,8
1679,True,8,8
1680,True,8,8
1681,True,8,8
1682,True,8,8
1683,True,8,8
1684,True,8,8
1685,True,8,8
1686,True,8,8
1687,True,8,8
1688,True,8,8
1689,True,8,8
1690,True,8,8
1691,True,8,8
1692,True,8,8
1693,True,8,8
1694,True,8,8
1695,True,8,8
1696,True,8,8
1697,True,8,8
1698,True,8,8
1699,True,8,8
1700,True,8,8
1701,True,8,8
1702,True,8,8
1703,True,8,8
1704,True,8,8
1705,True,8,8
1706,True,8,8
1707,True,8,8
1708,True,8,8
1709,True,8,8
1710,True,8,8
1711,True,8,8
1712,True,8,8
1713,True,8,8
1714,True,8,8
1715,True,8,8
1716,True,8,8
1717,True,8,8
1718,True,8,8
1719,True,8,8
1720,True,8,8
1721,True,8,8
1722,True,8,8
1723,True,8,8
1724,True,8,8
1725,True,8,8
1726,True,8,8
1727,True,8,8
1728,True,8,8
1729,True,8,8
1730,True,8,8
1731,True,8,8
1732,True,8,8
1733,True,8,8
1734,True,8,8
1735,True,8,8
1736,True,8,8
1737,True,8,8
1738,True,8,8
1739,True,8,8
1740,True,8,8
1741,True,8,8
1742,True,8,8
1743,True,8,8
1744,True,8,8
1745,True,8,8
1746,True,8,8
1747,True,8,8
1748,True,8,8
1749,True,8,8
1750,True,8,8
1751,True,8,8
1752,True,8,8
1753,True,8,8
1754,True,8,8
1755,True,8,8
1756,True,8,8
1757,True,8,8
1758,True,8,8
1759,True,8,8
1760,True,8,8
1761,True,8,8
1762,True,8,8
1763,True,8,8
1764,True,8,8
1765,True,8,8
1766,True,8,8
1767,True,8,8
1768,True,8,8
1769,True,8,8
1770,True,8,8
1771,True,8,8
1772,True,8,8
1773,True,8,8
1774,True,8,8
1775,True,8,8
1776,True,8,8
1777,True,8,8
1778,True,8,8
1779,True,8,8
1780,True,8,8
1781,True,8,8
1782,True,8,8
1783,True,8,8
1784,True,8,8
1785,True,8,8
1786,True,8,8
1787,True,8,8
1788,True,8,8
1789,True,8,8
1790,True,8,8
1791,True,8,8
1792,True,8,8
1793,True,8,8
1794,True,8,8
1795,True,8,8
1796,True,8,8
1797,True,8,8
1798,True,8,8
1799,True,8,8
1800,True,8,8
1801,True,8,8
1802,True,8,8
1803,True,8,8
1804,True,8,8
1805,True,8,8
1806,True,8,8
1807,True,8,8
1808,True,8,8
1809,True,8,8
1810,True,8,8
1811,True,8,8
1812,True,8,8
1813,True,8,8
1814,True,8,8
1815,True,8,8
1816,True,8,8
1817,True,8,8
1818,True,8,8
1819,True,8,8
1820,True,8,8
1821,True,8,8
1822,True,8,8
1823,True,8,8
1824,True,8,8
1825,True,8,8
1826,True,8,8
1827,True,8,8
1828,True,8,8
1829,True,8,8
1830,True,8,8
1831,True,8,8
1832,True,8,8
1833,True,8,8
1834,True,8,8
1835,True,8,8
1836,True,8,8
1837,True,8,8
1838,True,8,8
1839,True,8,8
1840,True,8,8
1841,True,8,8
1842,True,8,8
1843,True,8,8
1844,True,8,8
1845,True,8,8
1846,True,8,8
1847,True,8,8
1848,True,8,8
1849,True,8,8
1850,True,8,8
1851,True,8,8
1852,True,8,8
1853,True,8,8
1854,True,8,8
1855,True,8,8
1856,True,8,8
1857,True,8,8
1858,True,8,8
1859,True,8,8
1860,True,8,8
1861,True,8,8
1862,True,8,8
1863,True,8,8
1864,True,8,8
1865,True,8,8
1866,True,8,8
1867,True,8,8
1868,True,8,8
1869,True,8,8
1870,True,8,8
1871,True,8,8
1872,True,8,8
1873,True,8,8
1874,True,8,8
1875,True,8,8
1876,True,8,8
1877,True,8,8
1878,True,8,8
1879,True,8,8
1880,True,8,8
1881,True,8,8
1882,True,8,8
1883,True,8,8
1884,True,8,8
1885,True,8,8
1886,True,8,8
1887,True,8,8
1888,True,8,8
1889,True,8,8
1890,True,8,8
1891,True,8,8
1892,True,8,8
1893,True,8,8
1894,True,8,8
1895,True,8,8
1896,True,8,8
1897,True,8,8
1898,True,8,8
1899,True,8,8
1900,True,8,8
1901,True,8,8
1902,True,8,8
1903,True,8,8
1904,True,8,8
1905,True,8,8
1906,True,8,8
1907,True,8,8
1908,True,8,8
1909,True,8,8
1910,True,8,8
1911,True,8,8
1912,True,8,8
1913,True,8,8
1914,True,8,8
1915,True,8,8
1916,True,8,8
1917,True,8,8
1918,True,8,8
1919,True,8,8
1920,True,8,8
1921,True,8,8
1922,True,8,8
1923,True,8,8
1924,True,8,8
1925,True,8,8
1926,True,8,8
1927,True,8,8
1928,True,8,8
1929,True,8,8
1930,True,8,8
1931,True,8,8
1932,True,8,8
1933,True,8,8
1934,True,8,8
1935,True,8,8
1936,True,8,8
1937,True,8,8
1938,True,8,8
1939,True,8,8
1940,True,8,8
1941,True,8,8
1942,True,8,8
1943,True,8,8
1944,True,8,8
1945,True,8,8
1946,True,8,8
1947,True,8,8
1948,True,8,8
1949,True,8,8
1950,True,8,8
1951,True,8,8
1952,True,8,8
1953,True,8,8
1954,True,8,8
1955,True,8,8
1956,True,8,8
1957,True,8,8
1958,True,8,8
1959,True,8,8
1960,True,8,8
1961,True,8,8
1962,True,8,8
1963,True,8,8
1964,True,8,8
1965,True,8,8
1966,True,8,8
1967,True,8,8
1968,True,8,8
1969,True,8,8
1970,True,8,8
1971,True,8,8
1972,True,8,8
1973,True,8,8
1974,True,8,8
1975,True,8,8
1976,True,8,8
1977,True,8,8
1978,True,8,8
1979,True,8,8
1980,True,8,8
1981,True,8,8
1982,True,8,8
1983,True,8,8
1984,True,8,8
1985,True,8,8
1986,True,8,8
1987,True,8,8
1988,True,8,8
1989,True,8,8
1990,True,8,8
1991,True,8,8
1992,True,8,8
1993,True,8,8
1994,True,8,8
1995,True,8,8
1996,True,8,8
1997,True,8,8
1998,True,8,8
1999,True,8,8
2000,True,8,8
2001,True,8,8
2002,True,8,8
2003,True,8,8
2004,True,8,8
2005,True,8,8
2006,True,8,8
2007,True,8,8
2008,True,8,8
2009,True,8,8
2010,True,8,8
2011,True,8,8
2012,True,8,8
2013,True,8,8
2014,True,8,8
2015,True,8,8
2016,True,8,8
2017,True,8,8
2018,True,8,8
2019,True,8,8
2020,True,8,8
2021,True,8,8
2022,True,8,8
2023,True,8,8
2024,True,8,8
2025,True,8,8
2026,True,8,8
2027,True,8,8
2028,True,8,8
2029,True,8,8
2030,True,8,8
2031,True,8,8
2032,True,8,8
2033,True,8,8
2034,True,8,8
2035,True,8,8
2036,True,8,8
2037,True,8,8
2038,True,8,8
2039,True,8,8
2040,True,8,8
2041,True,8,8
2042,True,8,8
2043,True,8,8
2044,True,8,8
2045,True,8,8
2046,True,8,8
2047,True,8,8
2048,True,8,8
2049,True,8,8
2050,True,8,8
2051,True,8,8
2052,True,8,8
2053,True,8,8
2054,True,8,8
2055,True,8,8
2056,True,8,8
2057,True,8,8
2058,True,8,8
2059,True,8,8
2060,True,8,8
2061,True,8,8
2062,True,8,8
2063,True,8,8
2064,True,8,8
2065,True,8,8
2066,True,8,8
2067,True,8,8
2068,True,8,8
2069,True,8,8
2070,True,8,8
2071,True,8,8
2072,True,8,8
2073,True,8,8
2074,True,8,8
2075,True,8,8
2076,True,8,8
2077,True,8,8
2078,True,8,8
2079,True,8,8
2080,True,8,8
2081,True,8,8
2082,True,8,8
2083,True,8,8
2084,True,8,8
2085,True,8,8
2086,True,8,8
2087,True,8,8
2088,True,8,8
2089,True,8,8
2090,True,8,8
2091,True,8,8
2092,True,8,8
2093,True,8,8
2094,True,8,8
2095,True,8,8
2096,True,8,8
2097,True,8,8
2098,True,8,8
2099,True,8,8
2100,True,8,8
2101,True,8,8
2102,True,8,8
2103,True,8,8
2104,True,8,8
2105,True,8,8
2106,True,8,8
2107,True,8,8
2108,True,8,8
2109,True,8,8
2110,True,8,8
2111,True,8,8
2112,True,8,8
2113,True,8,8
2114,True,8,8
2115,True,8,8
2116,True,8,8
2117,True,8,8
2118,True,8,8
2119,True,8,8
2120,True,8,8
2121,True,8,8
2122,True,8,8
2123,True,8,8
2124,True,8,8
2125,True,8,8
2126,True,8,8
2127,True,8,8
2128,True,8,8
2129,True,8,8
2130,True,8,8
2131,True,8,8
2132,True,8,8
2133,True,8,8
2134,True,8,8
2135,True,8,8
2136,True,8,8
2137,True,8,8
2138,True,8,8
2139,True,8,8
2140,True,8,8
2141,True,8,8
2142,True,8,8
2143,True,8,8
2144,True,8,8
2145,True,8,8
2146,True,8,8
2147,True,8,8
2148,True,8,8
2149,True,8,8
2150,True,8,8
2151,True,8,8
2152,True,8,8
2153,True,8,8
2154,True,8,8
2155,True,8,8
2156,True,8,8
2157,True,8,8
2158,True,8,8
2159,True,8,8
2160,True,8,8
2161,True,8,8
2162,True,8,8
2163,True,8,8
2164,True,8,8
2165,True,8,8
2166,True,8,8
2167,True,8,8
2168,True,8,8
2169,True,8,8
2170,True,8,8
2171,True,8,8
2172,True,8,8
2173,True,8,8
2174,True,8,8
2175,True,8,8
2176,True,8,8
2177,True,8,8
2178,True,8,8
2179,True,8,8
2180,True,8,8
2181,True,8,8
2182,True,8,8
2183,True,8,8
2184,True,8,8
2185,True,8,8
2186,True,8,8
2187,True,8,8
2188,True,8,8
2189,True,8,8
2190,True,8,8
2191,True,8,8
2192,True,8,8
2193,True,8,8
2194,True,8,8
2195,True,8,8
2196,True,8,8
2197,True,8,8
2198,True,8,8
2199,True,8,8
2200,True,8,8
2201,True,8,8
2202,True,8,8
2203,True,8,8
2204,True,8,8
2205,True,8,8
2206,True,8,8
2207,True,8,8
2208,True,8,8
2209,True,8,8
2210,True,8,8
2211,True,8,8
2212,True,8,8
2213,True,8,8
2214,True,8,8
2215,True,8,8
2216,True,8,8
2217,True,8,8
2218,True,8,8
2219,True,8,8
2220,True,8,8
2221,True,8,8
2222,True,8,8
2223,True,8,8
2224,True,8,8
2225,True,8,8
2226,True,8,8
2227,True,8,8
2228,True,8,8
2229,True,8,8
2230,True,8,8
2231,True,8,8
2232,True,8,8
2233,True,8,8
2234,True,8,8
2235,True,8,8
2236,True,8,8
2237,True,8,8
2238,True,8,8
2239,True,8,8
2240,True,8,8
2241,True,8,8
2242,True,8,8
2243,True,8,8
2244,True,8,8
2245,True,8,8
2246,True,8,8
2247,True,8,8
2248,True,8,8
2249,True,8,8
2250,True,8,8
2251,True,8,8
2252,True,8,8
2253,True,8,8
2254,True,8,8
2255,True,8,8
2256,True,8,8
2257,True,8,8
2258,True,8,8
2259,True,8,8
2260,True,8,8
2261,True,8,8
2262,True,8,8
2263,True,8,8
2264,True,8,8
2265,True,8,8
2266,True,8,8
2267,True,8,8
2268,True,8,8
2269,True,8,8
2270,True,8,8
2271,True,8,8
2272,True,8,8
2273,True,8,8
2274,True,8,8
2275,True,8,8
2276,True,8,8
2277,True,8,8
2278,True,8,8
2279,True,8,8
2280,True,8,8
2281,True,8,8
2282,True,8,8
2283,True,8,8
2284,True,8,8
2285,True,8,8
2286,True,8,8
2287,True,8,8
2288,True,8,8
2289,True,8,8
2290,True,8,8
2291,True,8,8
2292,True,8,8
2293,True,8,8
2294,True,8,8
2295,True,8,8
2296,True,8,8
2297,True,8,8
2298,True,8,8
2299,True,8,8
2300,True,8,8
2301,True,8,8
2302,True,8,8
2303,True,8,8
2304,True,8,8
2305,True,8,8
2306,True,8,8
2307,True,8,8
2308,True,8,8
2309,True,8,8
2310,True,8,8
2311,True,8,8
2312,True,8,8
2313,True,8,8
2314,True,8,8
2315,True,8,8
2316,True,8,8
2317,True,8,8
2318,True,8,8
2319,True,8,8
2320,True,8,8
2321,True,8,8
2322,True,8,8
2323,True,8,8
2324,True,8,8
2325,True,8,8
2326,True,8,8
2327,True,8,8
2328,True,8,8
2329,True,8,8
2330,True,8,8
2331,True,8,8
2332,True,8,8
2333,True,8,8
2334,True,8,8
2335,True,8,8
2336,True,8,8
2337,True,8,8
2338,True,8,8
2339,True,8,8
2340,True,8,8
2341,True,8,8
2342,True,8,8
2343,True,8,8
2344,True,8,8
2345,True,8,8
2346,True,8,8
2347,True,8,8
2348,True,8,8
2349,True,8,8
2350,True,8,8
2351,True,8,8
2352,True,8,8
2353,True,8,8
2354,True,8,8
2355,True,8,8
2356,True,8,8
2357,True,8,8
2358,True,8,8
2359,True,8,8
2360,True,8,8
2361,True,8,8
2362,True,8,8
2363,True,8,8
2364,True,8,8
2365,True,8,8
2366,True,8,8
2367,True,8,8
2368,True,8,8
2369,True,8,8
2370,True,8,8
2371,True,8,8
2372,True,8,8
2373,True,8,8
2374,True,8,8
2375,True,8,8
2376,True,8,8
2377,True,8,8
2378,True,8,8
2379,True,8,8
2380,True,8,8
2381,True,8,8
2382,True,8,8
2383,True,8,8
2384,True,8,8
2385,True,8,8
2386,True,8,8
2387,True,8,8
2388,True,8,8
2389,True,8,8
2390,True,8,8
2391,True,8,8
2392,True,8,8
2393,True,8,8
2394,True,8,8
2395,True,8,8
2396,True,8,8
2397,True,8,8
2398,True,8,8
2399,True,8,8
2400,True,8,8
2401,True,8,8
2402,True,8,8
2403,True,8,8
2404,True,8,8
2405,True,8,8
2406,True,8,8
2407,True,8,8
2408,True,8,8
2409,True,8,8
2410,True,8,8
2411,True,8,8
2412,True,8,8
2413,True,8,8
2414,True,8,8
2415,True,8,8
2416,True,8,8
2417,True,8,8
2418,True,8,8
2419,True,8,8
2420,True,8,8
2421,True,8,8
2422,True,8,8
2423,True,8,8
2424,True,8,8
2425,True,8,8
2426,True,8,8
2427,True,8,8
2428,True,8,8
2429,True,8,8
2430,True,8,8
2431,True,8,8
2432,True,8,8
2433,True,8,8
2434,True,8,8
2435,True,8,8
2436,True,8,8
2437,True,8,8
2438,True,8,8
2439,True,8,8
2440,True,8,8
2441,True,8,8
2442,True,8,8
2443,True,8,8
2444,True,8,8
2445,True,8,8
2446,True,8,8
2447,True,8,8
2448,True,8,8
2449,True,8,8
2450,True,8,8
2451,True,8,8
2452,True,8,8
2453,True,8,8
2454,True,8,8
2455,True,8,8
2456,True,8,8
2457,True,8,8
2458,True,8,8
2459,True,8,8
2460,True,8,8
2461,True,8,8
2462,True,8,8
2463,True,8,8
2464,True,8,8
2465,True,8,8
2466,True,8,8
2467,True,8,8
2468,True,8,8
2469,True,8,8
2470,True,8,8
2471,True,8,8
2472,True,8,8
2473,True,8,8
2474,True,8,8
2475,True,8,8
2476,True,8,8
2477,True,8,8
2478,True,8,8
2479,True,8,8
2480,True,8,8
2481,True,8,8
2482,True,8,8
2483,True,8,8
2484,True,8,8
2485,True,8,8
2486,True,8,8
2487,True,8,8
2488,True,8,8
2489,True,8,8
2490,True,8,8
2491,True,8,8
2492,True,8,8
2493,True,8,8
2494,True,8,8
2495,True,8,8
2496,True,8,8
2497,True,8,8
2498,True,8,8
2499,True,8,8
2500,True,8,8
2501,True,8,8
2502,True,8,8
2503,True,8,8
2504,True,8,8
2505,True,8,8
2506,True,8,8
2507,True,8,8
2508,True,8,8
2509,True,8,8
2510,True,8,8
2511,True,8,8
2512,True,8,8
2513,True,8,8
2514,True,8,8
2515,True,8,8
2516,True,8,8
2517,True,8,8
2518,True,8,8
2519,True,8,8
2520,True,8,8
2521,True,8,8
2522,True,8,8
2523,True,8,8
2524,True,8,8
2525,True,8,8
2526,True,8,8
2527,True,8,8
2528,True,8,8
2529,True,8,8
2530,True,8,8
2531,True,8,8
2532,True,8,8
2533,True,8,8
2534,True,8,8
2535,True,8,8
2536,True,8,8
2537,True,8,8
2538,True,8,8
2539,True,8,8
2540,True,8,8
2541,True,8,8
2542,True,8,8
2543,True,8,8
2544,True,8,8
2545,True,8,8
2546,True,8,8
2547,True,8,8
2548,True,8,8
2549,True,8,8
2550,True,8,8
2551,True,8,8
2552,True,8,8
2553,True,8,8
2554,True,8,8
2555,True,8,8
2556,True,8,8
2557,True,8,8
2558,True,8,8
2559,True,8,8
2560,True,8,8
2561,True,8,8
2562,True,8,8
2563,True,8,8
2564,True,8,8
2565,True,8,8
2566,True,8,8
2567,True,8,8
2568,True,8,8
2569,True,8,8
2570,True,8,8
2571,True,8,8
2572,True,8,8
2573,True,8,8
2574,True,8,8
2575,True,8,8
2576,True,8,8
2577,True,8,8
2578,True,8,8
2579,True,8,8
2580,True,8,8
2581,True,8,8
2582,True,8,8
2583,True,8,8
2584,True,8,8
2585,True,8,8
2586,True,8,8
2587,True,8,8
2588,True,8,8
2589,True,8,8
2590,True,8,8
2591,True,8,8
2592,True,8,8
2593,True,8,8
2594,True,8,8
2595,True,8,8
2596,True,8,8
2597,True,8,8
2598,True,8,8
2599,True,8,8
2600,True,8,8
2601,True,8,8
2602,True,8,8
2603,True,8,8
2604,True,8,8
2605,True,8,8
2606,True,8,8
2607,True,8,8
2608,True,8,8
2609,True,8,8
2610,True,8,8
2611,True,8,8
2612,True,8,8
2613,True,8,8
2614,True,8,8
2615,True,8,8
2616,True,8,8
2617,True,8,8
2618,True,8,8
2619,True,8,8
2620,True,8,8
2621,True,8,8
2622,True,8,8
2623,True,8,8
2624,True,8,8
2625,True,8,8
2626,True,8,8
2627,True,8,8
2628,True,8,8
2629,True,8,8
2630,True,8,8
2631,True,8,8
2632,True,8,8
2633,True,8,8
2634,True,8,8
2635,True,8,8
2636,True,8,8
2637,True,8,8
2638,True,8,8
2639,True,8,8
2640,True,8,8
2641,True,8,8
2642,True,8,8
2643,True,8,8
2644,True,8,8
2645,True,8,8
2646,True,8,8
2647,True,8,8
2648,True,8,8
2649,True,8,8
2650,True,8,8
2651,True,8,8
2652,True,8,8
2653,True,8,8
2654,True,8,8
2655,True,8,8
2656,True,8,8
2657,True,8,8
2658,True,8,8
2659,True,8,8
2660,True,8,8
2661,True,8,8
2662,True,8,8
2663,True,8,8
2664,True,8,8
2665,True,8,8
2666,True,8,8
2667,True,8,8
2668,True,8,8
2669,True,8,8
2670,True,8,8
2671,True,8,8
2672,True,8,8
2673,True,8,8
2674,True,8,8
2675,True,8,8
2676,True,8,8
2677,True,8,8
2678,True,8,8
2679,True,8,8
2680,True,8,8
2681,True,8,8
2682,True,8,8
2683,True,8,8
2684,True,8,8
2685,True,8,8
2686,True,8,8
2687,True,8,8
2688,True,8,8
2689,True,8,8
2690,True,8,8
2691,True,8,8
2692,True,8,8
2693,True,8,8
2694,True,8,8
2695,True,8,8
2696,True,8,8
2697,True,8,8
2698,True,8,8
2699,True,8,8
2700,True,8,8
2701,True,8,8
2702,True,8,8
2703,True,8,8
2704,True,8,8
2705,True,8,8
2706,True,8,8
2707,True,8,8
2708,True,8,8
2709,True,8,8
2710,True,8,8
2711,True,8,8
2712,True,8,8
2713,True,8,8
2714,True,8,8
2715,True,8,8
2716,True,8,8
2717,True,8,8
2718,True,8,8
2719,True,8,8
2720,True,8,8
2721,True,8,8
2722,True,8,8
2723,True,8,8
2724,True,8,8
2725,True,8,8
2726,True,8,8
2727,True,8,8
2728,True,8,8
2729,True,8,8
2730,True,8,8
2731,True,8,8
2732,True,8,8
2733,True,8,8
2734,True,8,8
2735,True,8,8
2736,True,8,8
2737,True,8,8
2738,True,8,8
2739,True,8,8
2740,True,8,8
2741,True,8,8
2742,True,8,8
2743,True,8,8
2744,True,8,8
2745,True,8,8
2746,True,8,8
2747,True,8,8
2748,True,8,8
2749,True,8,8
2750,True,8,8
2751,True,8,8
2752,True,8,8
2753,True,8,8
2754,True,8,8
2755,True,8,8
2756,True,8,8
2757,True,8,8
2758,True,8,8
2759,True,8,8
2760,True,8,8
2761,True,8,8
2762,True,8,8
2763,True,8,8
2764,True,8,8
2765,True,8,8
2766,True,8,8
2767,True,8,8
2768,True,8,8
2769,True,8,8
2770,True,8,8
2771,True,8,8
2772,True,8,8
2773,True,8,8
2774,True,8,8
2775,True,8,8
2776,True,8,8
2777,True,8,8
2778,True,8,8
2779,True,8,8
2780,True,8,8
2781,True,8,8
2782,True,8,8
2783,True,8,8
2784,True,8,8
2785,True,8,8
2786,True,8,8
2787,True,8,8
2788,True,8,8
2789,True,8,8
2790,True,8,8
2791,True,8,8
2792,True,8,8
2793,True,8,8
2794,True,8,8
2795,True,8,8
2796,True,8,8
2797,True,8,8
2798,True,8,8
2799,True,8,8
2800,True,8,8
2801,True,8,8
2802,True,8,8
2803,True,8,8
2804,True,8,8
2805,True,8,8
2806,True,8,8
2807,True,8,8
2808,True,8,8
2809,True,8,8
2810,True,8,8
2811,True,8,8
2812,True,8,8
2813,True,8,8
2814,True,8,8
2815,True,8,8
2816,True,8,8
2817,True,8,8
2818,True,8,8
2819,True,8,8
2820,True,8,8
2821,True,8,8
2822,True,8,8
2823,True,8,8
2824,True,8,8
2825,True,8,8
2826,True,8,8
2827,True,8,8
2828,True,8,8
2829,True,8,8
2830,True,8,8
2831,True,8,8
2832,True,8,8
2833,True,8,8
2834,True,8,8
2835,True,8,8
2836,True,8,8
2837,True,8,8
2838,True,8,8
2839,True,8,8
2840,True,8,8
2841,True,8,8
2842,True,8,8
2843,True,8,8
2844,True,8,8
2845,True,8,8
2846,True,8,8
2847,True,8,8
2848,True,8,8
2849,True,8,8
2850,True,8,8
2851,True,8,8
2852,True,8,8
2853,True,8,8
2854,True,8,8
2855,True,8,8
2856,True,8,8
2857,True,8,8
2858,True,8,8
2859,True,8,8
2860,True,8,8
2861,True,8,8
2862,True,8,8
2863,True,8,8
2864,True,8,8
2865,True,8,8
2866,True,8,8
2867,True,8,8
2868,True,8,8
2869,True,8,8
2870,True,8,8
2871,True,8,8
2872,True,8,8
2873,True,8,8
2874,True,8,8
2875,True,8,8
2876,True,8,8
2877,True,8,8
2878,True,8,8
2879,True,8,8
2880,True,8,8
2881,True,8,8
2882,True,8,8
2883,True,8,8
2884,True,8,8
2885,True,8,8
2886,True,8,8
2887,True,8,8
2888,True,8,8
2889,True,8,8
2890,True,8,8
2891,True,8,8
2892,True,8,8
2893,True,8,8
2894,True,8,8
2895,True,8,8
2896,True,8,8
2897,True,8,8
2898,True,8,8
2899,True,8,8
2900,True,8,8
2901,True,8,8
2902,True,8,8
2903,True,8,8
2904,True,8,8
2905,True,8,8
2906,True,8,8
2907,True,8,8
2908,True,8,8
2909,True,8,8
2910,True,8,8
2911,True,8,8
2912,True,8,8
2913,True,8,8
2914,True,8,8
2915,True,8,8
2916,True,8,8
2917,True,8,8
2918,True,8,8
2919,True,8,8
2920,True,8,8
2921,True,8,8
2922,True,8,8
2923,True,8,8
2924,True,8,8
2925,True,8,8
2926,True,8,8
2927,True,8,8
2928,True,8,8
2929,True,8,8
2930,True,8,8
2931,True,8,8
2932,True,8,8
2933,True,8,8
2934,True,8,8
2935,True,8,8
2936,True,8,8
2937,True,8,8
2938,True,8,8
2939,True,8,8
2940,True,8,8
2941,True,8,8
2942,True,8,8
2943,True,8,8
2944,True,8,8
2945,True,8,8
2946,True,8,8
2947,True,8,8
2948,True,8,8
2949,True,8,8
2950,True,8,8
2951,True,8,8
2952,True,8,8
2953,True,8,8
2954,True,8,8
2955,True,8,8
2956,True,8,8
2957,True,8,8
2958,True,8,8
2959,True,8,8
2960,True,8,8
2961,True,8,8
2962,True,8,8
2963,True,8,8
2964,True,8,8
2965,True,8,8
2966,True,8,8
2967,True,8,8
2968,True,8,8
2969,True,8,8
2970,True,8,8
2971,True,8,8
2972,True,8,8
2973,True,8,8
2974,True,8,8
2975,True,8,8
2976,True,8,8
2977,True,8,8
2978,True,8,8
2979,True,8,8
2980,True,8,8
2981,True,8,8
2982,True,8,8
2983,True,8,8
2984,True,8,8
2985,True,8,8
2986,True,8,8
2987,True,8,8
2988,True,8,8
2989,True,8,8
2990,True,8,8
2991,True,8,8
2992,True,8,8
2993,True,8,8
2994,True,8,8
2995,True,8,8
2996,True,8,8
2997,True,8,8
2998,True,8,8
2999,True,8,8
3000,True,8,8
3001,True,8,8
3002,True,8,8
3003,True,8,8
3004,True,8,8
3005,True,8,8
3006,True,8,8
3007,True,8,8
3008,True,8,8
3009,True,8,8
3010,True,8,8
3011,True,8,8
3012,True,8,8
3013,True,8,8
3014,True,8,8
3015,True,8,8
3016,True,8,8
3017,True,8,8
3018,True,8,8
3019,True,8,8
3020,True,8,8
3021,True,8,8
3022,True,8,8
3023,True,8,8
3024,True,8,8
3025,True,8,8
3026,True,8,8
3027,True,8,8
3028,True,8,8
3029,True,8,8
3030,True,8,8
3031,True,8,8
3032,True,8,8
3033,True,8,8
3034,True,8,8
3035,True,8,8
3036,True,8,8
3037,True,8,8
3038,True,8,8
3039,True,8,8
3040,True,8,8
3041,True,8,8
3042,True,8,8
3043,True,8,8
3044,True,8,8
3045,True,8,8
3046,True,8,8
3047,True,8,8
3048,True,8,8
3049,True,8,8
3050,True,8,8
3051,True,8,8
3052,True,8,8
3053,True,8,8
3054,True,8,8
3055,True,8,8
3056,True,8,8
3057,True,8,8
3058,True,8,8
3059,True,8,8
3060,True,8,8
3061,True,8,8
3062,True,8,8
3063,True,8,8
3064,True,8,8
3065,True,8,8
3066,True,8,8
3067,True,8,8
3068,True,8,8
3069,True,8,8
3070,True,8,8
3071,True,8,8
3072,True,8,8
3073,True,8,8
3074,True,8,8
3075,True,8,8
3076,True,8,8
3077,True,8,8
3078,True,8,8
3079,True,8,8
3080,True,8,8
3081,True,8,8
3082,True,8,8
3083,True,8,8
3084,True,8,8
3085,True,8,8
3086,True,8,8
3087,True,8,8
3088,True,8,8
3089,True,8,8
3090,True,8,8
3091,True,8,8
3092,True,8,8
3093,True,8,8
3094,True,8,8
3095,True,8,8
3096,True,8,8
3097,True,8,8
3098,True,8,8
3099,True,8,8
3100,True,8,8
3101,True,8,8
3102,True,8,8
3103,True,8,8
3104,True,8,8
3105,True,8,8
3106,True,8,8
3107,True,8,8
3108,True,8,8
3109,True,8,8
3110,True,8,8
3111,True,8,8
3112,True,8,8
3113,True,8,8
3114,True,8,8
3115,True,8,8
3116,True,8,8
3117,True,8,8
3118,True,8,8
3119,True,8,8
3120,True,8,8
3121,True,8,8
3122,True,8,8
3123,True,8,8
3124,True,8,8
3125,True,8,8
3126,True,8,8
3127,True,8,8
3128,True,8,8
3129,True,8,8
3130,True,8,8
3131,True,8,8
3132,True,8,8
3133,True,8,8
3134,True,8,8
3135,True,8,8
3136,True,8,8
3137,True,8,8
3138,True,8,8
3139,True,8,8
3140,True,8,8
3141,True,8,8
3142,True,8,8
3143,True,8,8
3144,True,8,8
3145,True,8,8
3146,True,8,8
3147,True,8,8
3148,True,8,8
3149,True,8,8
3150,True,8,8
3151,True,8,8
3152,True,8,8
3153,True,8,8
3154,True,8,8
3155,True,8,8
3156,True,8,8
3157,True,8,8
3158,True,8,8
3159,True,8,8
3160,True,8,8
3161,True,8,8
3162,True,8,8
3163,True,8,8
3164,True,8,8
3165,True,8,8
3166,True,8,8
3167,True,8,8
3168,True,8,8
3169,True,8,8
3170,True,8,8
3171,True,8,8
3172,True,8,8
3173,True,8,8
3174,True,8,8
3175,True,8,8
3176,True,8,8
3177,True,8,8
3178,True,8,8
3179,True,8,8
3180,True,8,8
3181,True,8,8
3182,True,8,8
3183,True,8,8
3184,True,8,8
3185,True,8,8
3186,True,8,8
3187,True,8,8
3188,True,8,8
3189,True,8,8
3190,True,8,8
3191,True,8,8
3192,True,8,8
3193,True,8,8
3194,True,8,8
3195,True,8,8
3196,True,8,8
3197,True,8,8
3198,True,8,8
3199,True,8,8
3200,True,8,8
3201,True,8,8
3202,True,8,8
3203,True,8,8
3204,True,8,8
3205,True,8,8
3206,True,8,8
3207,True,8,8
3208,True,8,8
3209,True,8,8
3210,True,8,8
3211,True,8,8
3212,True,8,8
3213,True,8,8
3214,True,8,8
3215,True,8,8
3216,True,8,8
3217,True,8,8
3218,True,8,8
3219,True,8,8
3220,True,8,8
3221,True,8,8
3222,True,8,8
3223,True,8,8
3224,True,8,8
3225,True,8,8
3226,True,8,8
3227,True,8,8
3228,True,8,8
3229,True,8,8
3230,True,8,8
3231,True,8,8
3232,True,8,8
3233,True,8,8
3234,True,8,8
3235,True,8,8
3236,True,8,8
3237,True,8,8
3238,True,8,8
3239,True,8,8
3240,True,8,8
3241,True,8,8
3242,True,8,8
3243,True,8,8
3244,True,8,8
3245,True,8,8
3246,True,8,8
3247,True,8,8
3248,True,8,8
3249,True,8,8
3250,True,8,8
3251,True,8,8
3252,True,8,8
3253,True,8,8
3254,True,8,8
3255,True,8,8
3256,True,8,8
3257,True,8,8
3258,True,8,8
3259,True,8,8
3260,True,8,8
3261,True,8,8
3262,True,8,8
3263,True,8,8
3264,True,8,8
3265,True,8,8
3266,True,8,8
3267,True,8,8
3268,True,8,8
3269,True,8,8
3270,True,8,8
3271,True,8,8
3272,True,8,8
3273,True,8,8
3274,True,8,8
3275,True,8,8
3276,True,8,8
3277,True,8,8
3278,True,8,8
3279,True,8,8
3280,True,8,8
3281,True,8,8
3282,True,8,8
3283,True,8,8
3284,True,8,8
3285,True,8,8
3286,True,8,8
3287,True,8,8
3288,True,8,8
3289,True,8,8
3290,True,8,8
3291,True,8,8
3292,True,8,8
3293,True,8,8
3294,True,8,8
3295,True,8,8
3296,True,8,8
3297,True,8,8
3298,True,8,8
3299,True,8,8
3300,True,8,8
3301,True,8,8
3302,True,8,8
3303,True,8,8
3304,True,8,8
3305,True,8,8
3306,True,8,8
3307,True,8,8
3308,True,8,8
3309,True,8,8
3310,True,8,8
3311,True,8,8
3312,True,8,8
3313,True,8,8
3314,True,8,8
3315,True,8,8
3316,True,8,8
3317,True,8,8
3318,True,8,8
3319,True,8,8
3320,True,8,8
3321,True,8,8
3322,True,8,8
3323,True,8,8
3324,True,8,8
3325,True,8,8
3326,True,8,8
3327,True,8,8
3328,True,8,8
3329,True,8,8
3330,True,8,8
3331,True,8,8
3332,True,8,8
3333,True,8,8
3334,True,8,8
3335,True,8,8
3336,True,8,8
3337,True,8,8
3338,True,8,8
3339,True,8,8
3340,True,8,8
3341,True,8,8
3342,True,8,8
3343,True,8,8
3344,True,8,8
3345,True,8,8
3346,True,8,8
3347,True,8,8
3348,True,8,8
3349,True,8,8
3350,True,8,8
3351,True,8,8
3352,True,8,8
3353,True,8,8
3354,True,8,8
3355,True,8,8
3356,True,8,8
3357,True,8,8
3358,True,8,8
3359,True,8,8
3360,True,8,8
3361,True,8,8
3362,True,8,8
3363,True,8,8
3364,True,8,8
3365,True,8,8
3366,True,8,8
3367,True,8,8
3368,True,8,8
3369,True,8,8
3370,True,8,8
3371,True,8,8
3372,True,8,8
3373,True,8,8
3374,True,8,8
3375,True,8,8
3376,True,8,8
3377,True,8,8
3378,True,8,8
3379,True,8,8
3380,True,8,8
3381,True,8,8
3382,True,8,8
3383,True,8,8
3384,True,8,8
3385,True,8,8
3386,True,8,8
3387,True,8,8
3388,True,8,8
3389,True,8,8
3390,True,8,8
3391,True,8,8
3392,True,8,8
3393,True,8,8
3394,True,8,8
3395,True,8,8
3396,True,8,8
3397,True,8,8
3398,True,8,8
3399,True,8,8
3400,True,8,8
3401,True,8,8
3402,True,8,8
3403,True,8,8
3404,True,8,8
3405,True,8,8
3406,True,8,8
3407,True,8,8
3408,True,8,8
3409,True,8,8
3410,True,8,8
3411,True,8,8
3412,True,8,8
3413,True,8,8
3414,True,8,8
3415,True,8,8
3416,True,8,8
3417,True,8,8
3418,True,8,8
3419,True,8,8
3420,True,8,8
3421,True,8,8
3422,True,8,8
3423,True,8,8
3424,True,8,8
3425,True,8,8
3426,True,8,8
3427,True,8,8
3428,True,8,8
3429,True,8,8
3430,True,8,8
3431,True,8,8
3432,True,8,8
3433,True,8,8
3434,True,8,8
3435,True,8,8
3436,True,8,8
3437,True,8,8
3438,True,8,8
3439,True,8,8
3440,True,8,8
3441,True,8,8
3442,True,8,8
3443,True,8,8
3444,True,8,8
3445,True,8,8
3446,True,8,8
3447,True,8,8
3448,True,8,8
3449,True,8,8
3450,True,8,8
3451,True,8,8
3452,True,8,8
3453,True,8,8
3454,True,8,8
3455,True,8,8
3456,True,8,8
3457,True,8,8
3458,True,8,8
3459,True,8,8
3460,True,8,8
3461,True,8,8
3462,True,8,8
3463,True,8,8
3464,True,8,8
3465,True,8,8
3466,True,8,8
3467,True,8,8
3468,True,8,8
3469,True,8,8
3470,True,8,8
3471,True,8,8
3472,True,8,8
3473,True,8,8
3474,True,8,8
3475,True,8,8
3476,True,8,8
3477,True,8,8
3478,True,8,8
3479,True,8,8
3480,True,8,8
3481,True,8,8
3482,True,8,8
3483,True,8,8
3484,True,8,8
3485,True,8,8
3486,True,8,8
3487,True,8,8
3488,True,8,8
3489,True,8,8
3490,True,8,8
3491,True,8,8
3492,True,8,8
3493,True,8,8
3494,True,8,8
3495,True,8,8
3496,True,8,8
3497,True,8,8
3498,True,8,8
3499,True,8,8
3500,True,8,8
3501,True,8,8
3502,True,8,8
3503,True,8,8
3504,True,8,8
3505,True,8,8
3506,True,8,8
3507,True,8,8
3508,True,8,8
3509,True,8,8
3510,True,8,8
3511,True,8,8
3512,True,8,8
3513,True,8,8
3514,True,8,8
3515,True,8,8
3516,True,8,8
3517,True,8,8
3518,True,8,8
3519,True,8,8
3520,True,8,8
3521,True,8,8
3522,True,8,8
3523,True,8,8
3524,True,8,8
3525,True,8,8
3526,True,8,8
3527,True,8,8
3528,True,8,8
3529,True,8,8
3530,True,8,8
3531,True,8,8
3532,True,8,8
3533,True,8,8
3534,True,8,8
3535,True,8,8
3536,True,8,8
3537,True,8,8
3538,True,8,8
3539,True,8,8
3540,True,8,8
3541,True,8,8
3542,True,8,8
3543,True,8,8
3544,True,8,8
3545,True,8,8
3546,True,8,8
3547,True,8,8
3548,True,8,8
3549,True,8,8
3550,True,8,8
3551,True,8,8
3552,True,8,8
3553,True,8,8
3554,True,8,8
3555,True,8,8
3556,True,8,8
3557,True,8,8
3558,True,8,8
3559,True,8,8
3560,True,8,8
3561,True,8,8
3562,True,8,8
3563,True,8,8
3564,True,8,8
3565,True,8,8
3566,True,8,8
3567,True,8,8
3568,True,8,8
3569,True,8,8
3570,True,8,8
3571,True,8,8
3572,True,8,8
3573,True,8,8
3574,True,8,8
3575,True,8,8
3576,True,8,8
3577,True,8,8
3578,True,8,8
3579,True,8,8
3580,True,8,8
3581,True,8,8
3582,True,8,8
3583,True,8,8
3584,True,8,8
3585,True,8,8
3586,True,8,8
3587,True,8,8
3588,True,8,8
3589,True,8,8
3590,True,8,8
3591,True,8,8
3592,True,8,8
3593,True,8,8
3594,True,8,8
3595,True,8,8
3596,True,8,8
3597,True,8,8
3598,True,8,8
3599,True,8,8
3600,True,8,8
3601,True,8,8
3602,True,8,8
3603,True,8,8
3604,True,8,8
3605,True,8,8
3606,True,8,8
3607,True,8,8
3608,True,8,8
3609,True,8,8
3610,True,8,8
3611,True,8,8
3612,True,8,8
3613,True,8,8
3614,True,8,8
3615,True,8,8
3616,True,8,8
3617,True,8,8
3618,True,8,8
3619,True,8,8
3620,True,8,8
3621,True,8,8
3622,True,8,8
3623,True,8,8
3624,True,8,8
3625,True,8,8
3626,True,8,8
3627,True,8,8
3628,True,8,8
3629,True,8,8
3630,True,8,8
3631,True,8,8
3632,True,8,8
3633,True,8,8
3634,True,8,8
3635,True,8,8
3636,True,8,8
3637,True,8,8
3638,True,8,8
3639,True,8,8
3640,True,8,8
3641,True,8,8
3642,True,8,8
3643,True,8,8
3644,True,8,8
3645,True,8,8
3646,True,8,8
3647,True,8,8
3648,True,8,8
3649,True,8,8
3650,True,8,8
3651,True,8,8
3652,True,8,8
3653,True,8,8
3654,True,8,8
3655,True,8,8
3656,True,8,8
3657,True,8,8
3658,True,8,8
3659,True,8,8
3660,True,8,8
3661,True,8,8
3662,True,8,8
3663,True,8,8
3664,True,8,8
3665,True,8,8
3666,True,8,8
3667,True,8,8
3668,True,8,8
3669,True,8,8
3670,True,8,8
3671,True,8,8
3672,True,8,8
3673,True,8,8
3674,True,8,8
3675,True,8,8
3676,True,8,8
3677,True,8,8
3678,True,8,8
3679,True,8,8
3680,True,8,8
3681,True,8,8
3682,True,8,8
3683,True,8,8
3684,True,8,8
3685,True,8,8
3686,True,8,8
3687,True,8,8
3688,True,8,8
3689,True,8,8
3690,True,8,8
3691,True,8,8
3692,True,8,8
3693,True,8,8
3694,True,8,8
3695,True,8,8
3696,True,8,8
3697,True,8,8
3698,True,8,8
3699,True,8,8
3700,True,8,8
3701,True,8,8
3702,True,8,8
3703,True,8,8
3704,True,8,8
3705,True,8,8
3706,True,8,8
3707,True,8,8
3708,True,8,8
3709,True,8,8
3710,True,8,8
3711,True,8,8
3712,True,8,8
3713,True,8,8
3714,True,8,8
3715,True,8,8
3716,True,8,8
3717,True,8,8
3718,True,8,8
3719,True,8,8
3720,True,8,8
3721,True,8,8
3722,True,8,8
3723,True,8,8
3724,True,8,8
3725,True,8,8
3726,True,8,8
3727,True,8,8
3728,True,8,8
3729,True,8,8
3730,True,8,8
3731,True,8,8
3732,True,8,8
3733,True,8,8
3734,True,8,8
3735,True,8,8
3736,True,8,8
3737,True,8,8
3738,True,8,8
3739,True,8,8
3740,True,8,8
3741,True,8,8
3742,True,8,8
3743,True,8,8
3744,True,8,8
3745,True,8,8
3746,True,8,8
3747,True,8,8
3748,True,8,8
3749,True,8,8
3750,True,8,8
3751,True,8,8
3752,True,8,8
3753,True,8,8
3754,True,8,8
3755,True,8,8
3756,True,8,8
3757,True,8,8
3758,True,8,8
3759,True,8,8
3760,True,8,8
3761,True,8,8
3762,True,8,8
3763,True,8,8
3764,True,8,8
3765,True,8,8
3766,True,8,8
3767,True,8,8
3768,True,8,8
3769,True,8,8
3770,True,8,8
3771,True,8,8
3772,True,8,8
3773,True,8,8
3774,True,8,8
3775,True,8,8
3776,True,8,8
3777,True,8,8
3778,True,8,8
3779,True,8,8
3780,True,8,8
3781,True,8,8
3782,True,8,8
3783,True,8,8
3784,True,8,8
3785,True,8,8
3786,True,8,8
3787,True,8,8
3788,True,8,8
3789,True,8,8
3790,True,8,8
3791,True,8,8
3792,True,8,8
3793,True,8,8
3794,True,8,8
3795,True,8,8
3796,True,8,8
3797,True,8,8
3798,True,8,8
3799,True,8,8
3800,True,8,8
3801,True,8,8
3802,True,8,8
3803,True,8,8
3804,True,8,8
3805,True,8,8
3806,True,8,8
3807,True,8,8
3808,True,8,8
3809,True,8,8
3810,True,8,8
3811,True,8,8
3812,True,8,8
3813,True,8,8
3814,True,8,8
3815,True,8,8
3816,True,8,8
3817,True,8,8
3818,True,8,8
3819,True,8,8
3820,True,8,8
3821,True,8,8
3822,True,8,8
3823,True,8,8
3824,True,8,8
3825,True,8,8
3826,True,8,8
3827,True,8,8
3828,True,8,8
3829,True,8,8
3830,True,8,8
3831,True,8,8
3832,True,8,8
3833,True,8,8
3834,True,8,8
3835,True,8,8
3836,True,8,8
3837,True,8,8
3838,True,8,8
3839,True,8,8
3840,True,8,8
3841,True,8,8
3842,True,8,8
3843,True,8,8
3844,True,8,8
3845,True,8,8
3846,True,8,8
3847,True,8,8
3848,True,8,8
3849,True,8,8
3850,True,8,8
3851,True,8,8
3852,True,8,8
3853,True,8,8
3854,True,8,8
3855,True,8,8
3856,True,8,8
3857,True,8,8
3858,True,8,8
3859,True,8,8
3860,True,8,8
3861,True,8,8
3862,True,8,8
3863,True,8,8
3864,True,8,8
3865,True,8,8
3866,True,8,8
3867,True,8,8
3868,True,8,8
3869,True,8,8
3870,True,8,8
3871,True,8,8
3872,True,8,8
3873,True,8,8
3874,True,8,8
3875,True,8,8
3876,True,8,8
3877,True,8,8
3878,True,8,8
3879,True,8,8
3880,True,8,8
3881,True,8,8
3882,True,8,8
3883,True,8,8
3884,True,8,8
3885,True,8,8
3886,True,8,8
3887,True,8,8
3888,True,8,8
3889,True,8,8
3890,True,8,8
3891,True,8,8
3892,True,8,8
3893,True,8,8
3894,True,8,8
3895,True,8,8
3896,True,8,8
3897,True,8,8
3898,True,8,8
3899,True,8,8
3900,True,8,8
3901,True,8,8
3902,True,8,8
3903,True,8,8
3904,True,8,8
3905,True,8,8
3906,True,8,8
3907,True,8,8
3908,True,8,8
3909,True,8,8
3910,True,8,8
3911,True,8,8
3912,True,8,8
3913,True,8,8
3914,True,8,8
3915,True,8,8
3916,True,8,8
3917,True,8,8
3918,True,8,8
3919,True,8,8
3920,True,8,8
3921,True,8,8
3922,True,8,8
3923,True,8,8
3924,True,8,8
3925,True,8,8
3926,True,8,8
3927,True,8,8
3928,True,8,8
3929,True,8,8
3930,True,8,8
3931,True,8,8
3932,True,8,8
3933,True,8,8
3934,True,8,8
3935,True,8,8
3936,True,8,8
3937,True,8,8
3938,True,8,8
3939,True,8,8
3940,True,8,8
3941,True,8,8
3942,True,8,8
3943,True,8,8
3944,True,8,8
3945,True,8,8
3946,True,8,8
3947,True,8,8
3948,True,8,8
3949,True,8,8
3950,True,8,8
3951,True,8,8
3952,True,8,8
3953,True,8,8
3954,True,8,8
3955,True,8,8
3956,True,8,8
3957,True,8,8
3958,True,8,8
3959,True,8,8
3960,True,8,8
3961,True,8,8
3962,True,8,8
3963,True,8,8
3964,True,8,8
3965,True,8,8
3966,True,8,8
3967,True,8,8
3968,True,8,8
3969,True,8,8
3970,True,8,8
3971,True,8,8
3972,True,8,8
3973,True,8,8
3974,True,8,8
3975,True,8,8
3976,True,8,8
3977,True,8,8
3978,True,8,8
3979,True,8,8
3980,True,8,8
3981,True,8,8
3982,True,8,8
3983,True,8,8
3984,True,8,8
3985,True,8,8
3986,True,8,8
3987,True,8,8
3988,True,8,8
3989,True,8,8
3990,True,8,8
3991,True,8,8
3992,True,8,8
3993,True,8,8
3994,True,8,8
3995,True,8,8
3996,True,8,8
3997,True,8,8
3998,True,8,8
3999,True,8,8
